,G_Arcade,G_Simulation,G_Puzzle,G_Action,G_Adventure,G_MMO,G_Strategy,G_RolePlaying,G_Racing,G_Sports,G_Music,G_BoardCard,G_Educational,G_Logic,D_Smartphone,D_PC,D_Console,D_Portable,D_Arcade
0,0,1,0,0,0,0,1,0,0,0,0,0,0,0,1,0,0,0,0
1,0,0,0,0,0,0,0,0,1,0,0,0,0,0,0,1,0,0,0
2,1,1,1,0,0,0,1,0,1,1,0,0,0,0,1,0,1,1,0
3,1,0,0,0,1,0,0,0,0,1,0,0,0,0,1,1,1,1,0
4,0,0,0,0,1,0,0,0,0,0,0,0,0,0,0,0,1,0,0
5,0,0,0,0,0,0,0,0,0,1,0,0,1,0,1,0,0,0,0
6,0,1,0,0,1,0,1,0,1,0,0,0,0,0,1,1,0,0,0
7,0,1,1,0,1,1,1,0,1,1,0,0,0,1,1,0,1,0,0
8,0,0,1,0,0,0,0,0,0,0,0,0,0,0,1,0,0,0,0
9,0,1,1,0,0,0,0,0,0,0,1,0,0,0,0,1,0,0,0
10,1,0,0,0,0,0,0,0,0,0,0,0,0,0,1,0,0,0,0
11,0,0,0,0,1,0,0,0,0,1,0,0,0,0,0,0,1,0,0
13,0,0,0,0,0,0,0,0,0,0,0,0,0,0,0,0,1,0,0
14,0,0,0,0,0,0,0,0,1,1,0,0,0,1,1,0,1,0,0
16,0,1,0,0,1,0,1,0,1,0,0,0,0,0,0,1,1,0,0
17,0,0,0,0,0,0,0,0,0,0,0,0,0,0,0,0,1,0,0
19,0,0,0,0,1,0,0,0,0,0,0,0,0,0,1,0,1,0,0
20,1,1,1,0,0,0,1,0,1,1,0,0,1,1,0,1,0,1,0
21,1,1,0,0,1,0,1,0,0,1,0,0,0,0,1,1,1,0,0
22,0,0,0,0,0,0,1,0,0,1,0,0,0,1,1,0,1,0,0
23,0,0,0,0,0,0,0,0,0,0,0,0,0,1,1,0,0,0,0
24,1,1,0,0,1,0,0,0,0,0,0,0,0,0,1,0,0,0,0
25,0,0,0,0,0,0,0,0,1,1,0,0,0,0,0,1,0,0,0
26,0,0,1,0,0,0,0,0,1,0,0,0,0,0,1,1,0,0,0
27,0,1,0,0,1,0,0,0,1,0,0,0,0,0,0,1,1,0,0
28,0,0,0,0,1,0,1,0,0,0,0,0,0,0,0,1,0,0,0
29,0,0,0,0,0,0,0,0,1,0,0,0,0,0,0,0,1,0,0
31,0,0,0,0,0,0,1,0,0,0,0,0,0,0,0,1,0,0,0
32,0,0,0,0,0,0,0,0,0,0,0,0,0,1,1,0,0,0,0
33,0,1,0,0,0,0,0,0,1,0,0,0,0,0,0,1,0,0,0
34,0,0,0,0,1,0,1,0,0,1,0,0,1,0,1,1,1,1,0
35,0,0,0,0,1,0,0,0,0,0,0,0,0,0,0,0,0,1,0
36,0,1,0,0,0,0,0,0,0,0,0,0,0,0,1,0,0,0,0
37,0,1,0,0,0,0,0,0,0,0,0,0,1,1,1,1,1,1,0
38,1,1,0,0,1,1,1,0,0,0,1,0,0,0,0,1,0,0,0
39,1,0,0,0,0,0,0,0,0,0,0,0,0,0,0,1,0,0,0
40,1,0,0,0,1,0,0,0,0,0,0,0,0,0,0,1,0,0,0
43,1,0,0,0,1,0,0,0,0,0,1,0,0,0,0,1,1,0,0
44,0,0,0,0,0,0,0,0,0,0,1,0,0,0,1,0,0,0,0
45,0,0,0,0,1,0,0,0,0,0,0,0,0,0,0,0,1,0,0
46,0,0,1,0,1,0,0,0,0,0,0,0,0,0,0,0,1,0,0
47,0,0,0,0,1,0,1,0,1,0,0,0,0,0,0,1,0,1,0
49,0,0,0,0,0,1,1,0,0,0,0,0,0,0,0,1,0,0,0
50,1,1,0,0,1,1,0,0,1,0,0,0,0,1,1,1,1,1,1
51,1,1,0,0,1,0,1,0,0,0,0,0,0,1,1,1,1,0,0
52,1,1,1,0,1,1,1,0,1,0,0,0,0,1,0,1,0,0,0
53,0,0,1,0,0,0,0,0,0,0,0,0,0,1,1,0,0,0,0
54,0,0,1,0,1,0,1,0,1,0,0,0,0,1,0,1,1,1,0
55,1,0,0,0,1,1,1,0,1,1,0,0,0,0,0,1,0,0,0
56,0,0,0,0,0,0,0,0,0,1,0,0,0,0,0,0,1,0,0
58,1,1,1,0,0,0,1,0,0,0,0,0,1,1,1,0,0,0,0
60,0,0,0,0,1,0,0,0,0,0,0,0,0,0,1,0,1,0,0
61,0,0,0,0,1,0,0,0,0,0,0,0,0,0,1,1,1,0,0
62,1,0,0,0,0,1,1,0,1,1,0,0,0,0,1,1,1,0,0
64,0,1,0,0,0,0,0,0,0,0,0,0,0,0,1,0,0,0,0
66,1,1,0,0,1,0,0,0,0,1,0,0,0,0,0,1,1,0,0
67,0,0,1,0,0,0,1,0,0,0,0,0,0,1,1,0,1,0,0
68,1,1,1,0,0,0,0,0,0,0,0,0,0,1,1,0,0,0,0
69,0,0,0,0,0,0,1,0,0,0,0,0,0,0,0,1,0,0,0
70,0,0,0,0,0,0,0,0,0,1,0,0,0,0,0,0,1,0,0
71,1,0,0,0,0,0,0,0,1,1,0,0,0,0,1,0,1,1,0
72,0,0,0,0,0,0,0,0,0,1,0,0,0,0,0,0,1,0,0
73,1,1,0,0,1,1,1,0,1,0,0,0,0,0,1,1,1,0,0
74,0,0,0,0,0,0,0,0,1,1,0,0,0,0,0,0,1,0,0
75,0,1,0,0,0,0,0,0,1,0,0,0,0,0,1,0,1,0,0
76,0,1,0,0,1,1,1,0,0,0,0,0,0,0,1,1,0,0,0
77,1,0,0,0,0,0,1,0,0,0,0,0,0,0,0,1,0,0,0
78,0,1,0,0,0,0,0,0,1,0,0,0,0,0,0,0,1,0,0
79,1,0,0,0,1,0,1,0,0,0,0,0,0,0,0,1,0,0,0
80,0,0,0,0,1,0,0,0,0,1,0,0,0,0,0,0,1,0,0
81,0,1,1,0,0,0,0,0,1,1,0,0,0,0,1,1,1,0,0
82,0,1,0,0,1,0,1,0,0,0,0,0,0,0,0,1,0,0,0
83,0,0,0,0,0,0,0,0,0,1,0,0,0,0,0,1,0,0,0
84,0,0,1,0,0,0,0,0,0,1,0,0,0,0,1,0,1,0,0
85,0,0,0,0,0,0,0,0,0,1,0,0,0,0,0,0,1,0,0
86,0,0,0,0,0,0,1,0,0,0,0,0,0,0,1,0,0,0,0
87,0,0,0,0,0,0,0,0,0,0,0,0,0,0,0,1,0,0,0
88,0,0,0,0,0,0,0,0,0,0,0,0,0,0,0,1,1,1,0
89,0,1,0,0,0,0,0,0,0,0,0,0,0,0,0,1,0,0,0
90,0,0,0,0,0,0,0,0,1,1,1,0,0,1,1,0,1,1,0
91,0,0,0,0,0,0,0,0,0,1,0,0,0,0,0,0,1,0,0
92,0,1,0,0,0,0,1,0,1,0,0,0,0,0,1,0,1,0,0
93,0,0,0,0,0,0,0,0,0,0,0,0,0,0,1,0,0,0,0
94,0,0,1,0,0,0,0,0,1,0,0,0,0,1,1,0,0,0,0
95,1,0,0,0,1,0,0,0,1,1,1,0,0,0,0,1,1,0,0
96,0,0,0,0,0,0,0,0,0,0,0,0,0,0,0,0,1,0,0
97,0,1,0,0,0,0,1,0,0,0,0,0,0,1,1,0,0,0,0
98,0,0,0,0,0,0,0,0,0,0,0,0,0,0,0,0,1,0,0
99,0,1,0,0,1,0,1,0,0,0,1,0,1,1,1,1,1,1,0
100,0,0,1,0,1,1,1,0,0,0,1,0,0,1,1,0,0,1,0
101,0,0,0,0,0,0,0,0,0,0,0,0,0,0,0,1,0,0,0
102,0,0,0,0,1,0,0,0,0,0,0,0,0,0,0,0,1,0,0
103,0,1,0,0,0,0,0,0,1,0,0,0,0,0,0,1,1,0,0
104,0,1,0,0,1,0,1,0,0,0,0,0,0,0,0,1,1,0,0
105,0,0,0,0,1,0,0,0,0,0,0,0,0,0,0,0,1,0,0
106,0,0,0,0,1,0,0,0,0,0,0,0,0,1,0,0,1,1,0
108,0,0,0,0,0,0,0,0,0,0,0,0,0,0,0,0,0,1,0
109,0,0,0,0,0,0,0,0,0,0,0,0,0,0,0,0,1,0,0
110,0,0,0,0,0,0,0,0,0,0,0,0,0,1,1,0,1,0,0
111,1,0,0,0,0,0,0,0,0,1,0,0,0,0,0,0,1,0,0
112,0,0,0,0,0,0,0,0,1,1,1,0,0,0,0,0,1,0,0
113,0,0,1,0,1,0,0,0,0,0,0,0,0,1,0,1,0,0,0
114,0,0,0,0,1,1,0,0,0,0,0,0,0,0,1,0,1,0,0
115,0,0,1,0,0,0,1,0,0,0,1,0,0,1,1,1,1,1,0
117,0,1,0,0,0,0,1,0,0,0,0,0,0,1,1,0,0,0,0
118,0,1,1,0,1,0,0,0,0,1,1,0,0,0,1,1,1,1,0
119,0,0,1,0,1,0,1,0,0,0,0,0,0,1,1,0,0,0,0
120,0,0,0,0,1,0,0,0,0,0,0,0,0,0,1,0,1,0,0
122,0,0,0,0,0,0,0,0,0,1,1,0,0,0,1,0,1,0,0
124,0,1,0,0,1,0,0,0,0,0,0,0,0,1,1,0,1,1,0
125,1,0,0,0,0,0,0,0,0,0,1,0,0,0,0,1,0,0,0
126,0,0,0,0,0,0,0,0,0,0,0,0,0,1,1,0,1,0,0
127,0,0,0,0,0,0,0,0,0,0,1,0,0,0,1,0,0,0,0
128,0,0,0,0,0,0,0,0,0,0,1,0,0,0,0,0,0,1,0
129,0,1,0,0,0,0,0,0,0,0,0,0,0,0,0,1,0,0,0
130,0,1,0,0,1,0,0,0,0,0,0,0,1,0,0,1,0,0,0
131,0,0,0,0,1,0,0,0,0,0,0,0,0,1,1,0,0,1,1
132,1,0,0,0,1,0,0,0,0,0,0,0,0,0,0,0,1,0,0
133,1,0,0,0,1,0,0,0,0,1,0,0,0,0,1,1,1,0,0
135,1,1,0,0,1,0,0,0,0,0,0,0,0,0,0,0,1,0,0
136,0,0,0,0,0,0,1,0,0,0,0,0,0,0,1,1,0,0,0
137,1,0,0,0,1,0,1,0,1,0,0,0,0,0,1,1,0,0,0
138,0,0,0,0,0,0,0,0,0,0,1,0,0,0,1,0,0,0,0
139,1,1,0,0,0,0,0,0,0,0,0,0,0,1,0,1,0,0,0
140,0,0,0,0,1,0,1,0,0,0,0,0,0,0,0,1,0,0,0
141,0,0,0,0,0,0,0,0,0,0,0,0,0,0,0,0,0,1,0
142,0,1,0,0,0,0,0,0,0,0,0,0,0,0,0,0,1,0,0
143,0,1,1,0,1,0,0,0,0,0,0,0,0,0,0,0,1,1,0
144,0,1,0,0,0,0,0,0,0,0,1,0,0,1,1,0,1,0,0
145,1,1,0,0,0,0,0,0,0,0,0,0,0,0,0,1,0,0,0
146,1,1,1,0,0,0,0,0,1,0,0,0,0,1,1,1,1,1,0
147,1,1,0,0,0,0,0,0,0,0,0,0,0,0,0,1,0,0,0
148,0,0,0,0,0,0,0,0,0,0,0,0,0,0,1,0,0,0,0
149,0,0,0,0,1,0,0,0,0,0,0,0,0,0,0,0,1,0,0
150,1,1,0,0,0,0,0,0,0,0,0,0,0,0,1,1,0,0,0
151,0,0,0,0,1,0,0,0,0,1,1,0,0,0,1,1,1,1,0
152,1,1,0,0,1,0,0,0,0,0,0,0,0,0,1,1,1,1,0
153,0,1,0,0,1,1,1,0,1,0,0,0,0,0,0,0,1,0,0
154,0,0,0,0,0,0,0,0,0,0,0,0,0,0,1,0,0,1,0
155,1,1,0,0,1,0,0,0,0,0,0,0,0,0,0,1,0,0,0
156,1,0,0,0,0,0,1,0,0,0,0,0,1,1,1,1,1,1,0
157,0,1,0,0,1,1,0,0,0,0,0,0,0,0,0,1,1,1,0
158,0,0,0,0,0,0,0,0,0,0,0,0,0,0,0,0,1,0,0
160,0,1,0,0,1,0,0,0,0,0,1,0,0,0,0,0,1,1,0
162,0,1,0,0,0,0,1,0,0,1,0,0,0,1,1,1,1,1,0
163,0,0,0,0,0,0,0,0,0,0,0,0,0,0,0,0,1,0,0
164,1,0,0,0,1,0,0,0,0,1,1,0,0,1,0,0,1,0,0
165,0,0,0,0,0,0,0,0,0,0,0,0,0,1,1,0,0,0,0
166,0,1,1,0,0,0,0,0,0,0,1,0,0,1,1,1,1,0,0
167,1,0,1,0,0,0,0,0,0,0,0,0,0,1,1,1,1,1,0
168,0,0,0,0,0,0,0,0,1,1,0,0,0,0,0,0,1,0,0
169,1,1,1,0,1,0,1,0,0,0,0,0,0,0,1,1,1,1,0
170,0,0,0,0,1,0,0,0,0,0,1,0,0,0,0,0,1,0,0
172,0,1,0,0,1,0,1,0,0,0,0,0,0,0,1,0,0,0,0
175,0,0,0,0,1,0,0,0,0,1,1,0,0,1,1,0,1,1,0
176,0,1,0,0,1,0,1,0,0,0,0,0,0,0,0,0,1,0,0
177,1,0,0,0,1,0,0,0,0,0,0,0,0,0,1,0,0,0,0
178,0,0,0,0,0,0,1,0,0,0,0,0,0,0,1,0,0,0,0
179,0,0,0,0,0,0,0,0,0,0,1,0,0,0,0,0,1,0,0
180,1,1,0,0,0,0,1,0,0,0,0,0,0,0,1,0,1,0,0
181,1,1,1,0,0,0,0,0,1,0,0,0,0,1,1,0,1,1,0
182,1,0,0,0,0,0,1,0,0,0,0,0,0,0,0,1,0,0,0
183,0,0,1,0,1,1,0,0,0,0,0,0,0,0,1,0,1,1,0
184,0,0,0,0,1,0,1,0,0,0,0,0,0,0,0,0,0,1,0
185,1,0,0,0,1,0,0,0,0,1,1,0,0,0,0,1,1,1,0
186,0,0,0,0,0,0,0,0,0,0,0,0,0,1,1,0,0,0,0
187,0,0,0,0,1,0,1,0,0,0,0,0,0,1,0,0,1,0,0
189,0,1,0,0,0,0,0,0,0,0,0,0,0,0,0,1,0,0,0
190,1,0,0,0,1,0,1,0,1,1,0,0,0,1,1,0,1,0,0
191,0,0,0,0,0,0,1,0,0,0,0,0,0,0,1,0,0,0,0
192,1,0,0,0,1,1,1,0,0,0,0,0,0,1,1,1,1,1,0
193,1,1,0,0,1,0,0,0,0,1,0,0,0,0,0,0,1,0,0
194,0,0,0,0,0,0,0,0,0,0,1,0,1,0,0,0,1,0,0
195,0,0,0,0,1,0,0,0,1,0,0,0,0,0,1,0,0,0,0
196,1,0,0,0,1,0,0,0,0,1,1,0,0,0,1,0,1,1,0
197,0,1,0,0,0,0,0,0,0,1,0,0,0,1,0,1,1,1,0
198,0,0,0,0,0,1,0,0,0,0,0,0,0,0,1,1,0,0,0
199,0,0,0,0,0,1,1,0,1,0,0,0,0,0,0,1,1,0,0
200,0,1,0,0,1,0,0,0,0,0,0,0,0,0,1,1,1,0,0
201,0,1,0,0,0,0,1,0,0,1,0,0,0,0,0,0,1,0,0
202,0,1,0,0,1,0,0,0,0,0,1,0,0,1,1,1,1,1,0
203,0,1,0,0,0,0,0,0,0,1,0,0,0,0,0,0,0,1,0
204,0,0,0,0,0,0,0,0,0,0,1,0,0,0,1,0,0,1,0
205,1,1,1,0,1,0,0,0,0,1,0,0,0,0,1,1,0,0,0
206,0,0,0,0,0,0,1,0,0,0,0,0,0,0,1,1,0,1,0
207,0,1,0,0,0,0,0,0,0,0,1,0,0,0,1,0,0,1,0
208,0,0,0,0,0,0,0,0,0,1,0,0,0,0,0,0,1,0,0
209,0,0,0,0,0,0,0,0,0,0,0,0,0,0,0,0,1,0,0
210,1,0,0,0,0,0,0,0,0,0,0,0,0,0,1,0,0,0,0
211,0,1,0,0,1,0,0,0,0,1,0,0,0,0,0,1,1,0,0
212,0,0,0,0,0,0,0,0,0,1,0,0,0,0,0,0,1,0,0
214,0,1,1,0,0,0,1,0,0,0,1,0,1,1,1,1,1,1,1
215,0,0,1,0,0,0,0,0,0,0,0,0,0,1,1,0,0,0,0
216,0,1,0,0,0,0,0,0,0,0,0,0,0,0,1,0,0,0,0
217,0,1,1,0,0,0,0,0,0,0,1,0,0,1,1,1,1,1,0
218,0,0,0,0,1,0,1,0,1,0,0,0,0,0,1,1,0,0,0
219,1,0,0,0,1,0,0,0,0,0,0,0,0,1,0,0,0,1,0
220,0,1,0,0,1,0,0,0,1,1,0,0,0,0,1,1,1,1,0
221,0,0,1,0,1,0,0,0,0,0,1,0,0,0,0,1,0,1,0
222,0,0,1,0,0,0,0,0,0,0,1,0,0,0,1,0,0,0,0
223,0,0,0,0,0,0,0,0,0,1,0,0,0,0,0,0,1,0,0
225,0,0,0,0,1,0,0,0,0,0,0,0,0,0,1,1,1,0,0
226,0,0,0,0,0,0,0,0,0,0,0,0,0,0,1,0,0,0,0
227,1,1,0,0,0,0,1,0,0,0,0,0,0,0,1,0,0,0,0
228,0,0,0,0,0,0,0,0,0,1,0,0,0,0,0,0,1,0,0
229,0,1,0,0,1,0,0,0,0,0,1,0,0,0,0,0,1,0,0
230,0,0,0,0,1,0,1,0,0,0,0,0,0,0,0,1,0,0,0
231,0,0,0,0,0,0,0,0,0,0,0,0,0,0,0,1,1,0,0
232,0,1,0,0,1,0,0,0,0,0,0,0,0,0,1,1,0,0,0
234,0,0,0,0,1,1,0,0,0,1,0,0,0,0,0,0,1,0,0
235,1,1,0,0,1,1,0,0,0,0,0,0,0,0,0,0,0,1,0
236,0,0,0,0,0,0,0,0,0,0,0,0,0,1,1,0,0,0,0
237,0,0,1,0,0,0,0,0,0,0,0,0,0,1,1,0,0,0,0
238,0,0,0,0,0,1,1,0,0,0,0,0,0,0,0,1,0,0,0
239,0,1,0,0,0,0,1,0,0,0,0,0,0,0,0,0,1,0,0
240,0,0,0,0,0,0,1,0,0,0,0,0,0,0,0,1,0,0,0
241,0,1,0,0,1,0,1,0,0,0,0,0,0,0,0,0,1,1,0
242,0,0,0,0,1,0,0,0,0,0,0,0,0,0,0,0,1,1,0
243,0,1,0,0,1,0,0,0,1,1,0,0,0,0,1,0,1,0,0
244,0,0,0,0,1,0,1,0,0,0,1,0,0,1,1,0,1,0,0
245,0,0,0,0,1,0,0,0,0,0,0,0,1,1,1,0,1,0,0
246,1,0,0,0,0,0,1,0,0,0,0,0,1,1,1,0,0,1,0
247,0,1,0,0,0,0,1,0,0,0,0,0,0,0,1,0,1,0,0
248,0,0,0,0,0,0,0,0,1,0,0,0,0,0,1,0,0,0,0
249,1,0,0,0,1,0,0,0,0,0,0,0,0,0,0,1,0,0,0
250,0,0,1,0,0,0,0,0,0,0,1,0,0,1,1,1,1,1,0
251,0,1,0,0,0,0,0,0,0,0,0,0,0,0,0,0,1,0,0
253,0,1,1,0,1,0,1,0,0,0,0,0,0,1,1,1,1,0,0
254,0,0,1,0,1,0,0,0,0,0,0,0,1,1,1,1,0,0,0
255,1,1,0,0,1,0,1,0,0,1,0,0,0,0,0,1,0,1,0
256,0,0,1,0,1,0,0,0,1,0,1,0,0,0,0,0,1,0,0
257,0,1,0,0,1,0,0,0,0,0,0,0,0,0,1,0,0,0,0
258,0,0,0,0,1,0,0,0,0,0,0,0,0,0,1,0,0,0,0
259,0,0,0,0,0,1,1,0,0,1,0,0,0,0,0,0,1,0,0
260,0,1,0,0,1,0,0,0,0,0,0,0,0,0,1,0,0,0,0
261,0,0,0,0,1,0,0,0,1,0,0,0,1,0,0,1,1,0,0
262,0,1,0,0,0,0,0,0,0,0,1,0,0,0,0,1,1,0,0
265,0,1,0,0,0,0,1,0,0,0,0,0,0,1,1,0,0,0,0
266,0,1,0,0,0,0,1,0,0,0,1,0,0,0,1,1,1,0,0
267,0,1,1,0,1,1,1,0,0,0,0,0,0,0,1,0,1,1,0
268,0,0,0,0,0,0,0,0,0,0,0,0,0,0,0,0,1,0,0
269,0,1,0,0,0,0,0,0,0,0,1,0,0,0,1,1,1,0,0
271,0,0,1,0,0,0,1,0,0,0,0,0,0,1,1,0,0,0,0
272,0,0,0,0,0,0,0,0,0,1,1,0,0,1,1,0,1,0,0
273,1,1,0,0,1,0,0,0,1,0,0,0,0,0,0,0,1,0,0
274,0,0,0,0,0,0,0,0,0,0,0,0,0,1,1,0,0,0,0
277,1,0,1,0,1,0,0,0,0,0,1,0,0,0,1,1,1,0,0
278,0,0,0,0,1,0,0,0,0,0,0,0,1,1,0,1,0,1,0
279,0,0,0,0,0,0,0,0,0,1,0,0,0,0,0,0,1,0,0
280,0,0,0,0,0,0,0,0,1,1,0,0,0,0,0,1,1,1,0
281,1,0,0,0,0,0,0,0,1,1,0,0,0,0,0,0,1,0,0
282,0,1,0,0,1,0,1,0,0,1,0,0,0,0,1,1,1,0,0
283,0,0,0,0,1,0,0,0,0,0,0,0,0,0,1,0,0,1,0
285,0,0,0,0,1,0,1,0,0,0,0,0,0,1,1,0,0,0,0
286,0,0,0,0,0,0,0,0,0,0,1,0,1,1,1,1,1,0,0
288,0,1,0,0,0,0,1,0,0,0,0,0,0,0,0,1,0,0,0
289,1,1,1,0,0,0,0,0,0,0,1,0,1,1,1,1,0,0,0
290,0,1,0,0,0,0,0,0,0,0,0,0,0,0,0,0,0,1,0
291,0,1,0,0,0,0,0,0,0,0,1,0,0,0,1,1,1,0,0
292,0,1,0,0,0,0,0,0,0,0,0,0,0,1,0,1,0,0,0
293,1,0,0,0,0,0,1,0,0,0,0,0,0,0,1,0,1,0,1
294,0,0,0,0,0,0,0,0,0,0,0,0,0,0,1,0,0,0,0
296,1,1,1,0,1,0,1,0,0,0,0,0,0,0,0,1,0,0,0
297,0,0,0,0,0,1,1,0,0,1,1,0,0,1,1,1,1,1,0
298,0,0,0,0,0,0,0,0,0,1,0,0,0,0,0,0,1,1,0
299,0,0,0,0,0,0,1,0,0,0,0,0,0,0,0,1,0,0,0
300,0,1,0,0,0,0,0,0,0,0,0,0,0,1,0,1,0,1,0
301,0,1,0,0,1,1,0,0,0,0,1,0,0,0,1,1,1,1,0
302,0,1,0,0,0,0,0,0,0,0,0,0,0,0,0,1,0,0,0
303,0,1,0,0,1,0,0,0,0,0,1,0,0,0,0,0,0,1,0
304,1,0,0,0,1,1,1,0,1,1,0,0,0,0,0,1,0,0,0
305,0,0,0,0,0,0,0,0,1,1,0,0,0,0,0,0,1,0,0
306,0,0,0,0,1,1,0,0,0,0,0,0,0,0,0,1,1,0,1
307,0,0,0,0,0,0,0,0,0,1,1,0,0,1,0,0,1,0,0
308,0,0,0,0,0,0,0,0,0,0,0,0,0,1,1,1,1,0,0
309,1,1,0,0,1,0,1,0,1,1,0,0,0,0,1,1,0,1,0
310,1,1,0,0,1,0,1,0,1,1,0,0,0,0,1,1,0,1,0
311,0,1,0,0,0,0,0,0,0,0,0,0,1,0,1,1,0,0,0
312,0,0,1,0,0,0,0,0,0,0,1,0,0,0,1,0,0,0,0
314,0,0,0,0,1,0,1,0,0,0,0,0,0,0,0,1,0,0,0
315,1,1,1,0,0,1,0,0,0,0,1,0,0,0,1,1,0,0,0
316,1,0,0,0,1,0,1,0,0,0,0,0,0,0,0,0,1,1,0
317,0,0,0,0,1,0,0,0,0,0,0,0,0,0,0,0,1,1,0
318,0,0,0,0,1,1,1,0,0,0,0,0,0,0,0,1,1,0,0
319,1,0,0,0,1,0,0,0,0,0,0,0,0,1,1,0,0,0,0
321,0,1,1,0,0,0,0,0,0,0,0,0,0,1,1,0,1,0,0
323,0,0,0,0,0,0,0,0,0,0,0,0,0,0,1,0,1,0,0
324,1,0,0,0,1,0,0,0,0,1,0,0,0,0,1,0,1,0,0
325,0,0,0,0,1,0,0,0,0,1,1,0,0,0,0,0,1,0,0
326,0,1,0,0,0,0,0,0,0,0,0,0,1,0,0,1,0,0,0
328,0,0,0,0,1,0,0,0,0,0,0,0,0,0,1,0,0,0,0
329,0,1,0,0,0,0,0,0,0,0,0,0,0,1,1,0,0,0,0
332,1,0,0,0,0,0,0,0,0,0,0,0,0,0,0,0,0,1,0
333,1,0,0,0,0,0,0,0,0,0,0,0,0,0,1,0,0,0,0
334,0,0,0,0,1,0,0,0,0,0,0,0,0,1,0,0,1,0,0
335,1,0,0,0,1,0,0,0,0,0,0,0,0,0,1,0,0,0,0
336,1,1,0,0,0,0,0,0,1,0,0,0,0,0,0,0,1,0,1
337,0,0,0,0,1,0,0,0,0,0,0,0,0,1,0,0,1,1,0
338,0,1,1,0,1,0,0,0,0,0,0,0,0,0,0,1,1,0,0
339,0,0,0,0,0,0,0,0,0,0,0,0,0,0,1,1,0,0,0
341,1,0,1,0,0,0,0,0,0,1,1,0,0,0,0,0,0,1,0
342,0,0,1,0,0,0,1,0,0,0,0,0,0,1,1,0,0,1,0
344,0,0,0,0,0,0,0,0,0,0,0,0,0,0,1,1,1,0,0
345,0,0,1,0,0,0,0,0,0,1,0,0,0,0,0,1,0,0,0
346,1,0,0,0,1,1,1,0,0,0,0,0,0,1,0,1,1,1,1
347,0,0,1,0,0,0,0,0,0,0,0,0,1,1,1,0,0,0,0
348,0,0,0,0,1,0,0,0,0,0,1,0,0,0,1,1,1,1,0
349,0,1,0,0,0,0,0,0,0,0,1,0,0,0,1,0,0,0,0
350,0,0,0,0,0,0,1,0,0,0,0,0,0,1,1,0,0,0,0
351,0,0,0,0,1,0,0,0,0,0,0,0,1,1,1,0,0,0,0
352,0,0,1,0,1,0,0,0,0,0,0,0,0,1,1,0,1,1,0
353,0,0,0,0,1,0,0,0,0,0,0,0,0,0,0,1,0,0,0
354,0,1,0,0,1,0,1,0,0,1,0,0,0,0,1,1,1,1,0
355,0,0,0,0,0,0,0,0,0,0,0,0,0,0,1,1,1,1,0
356,0,1,0,0,1,0,0,0,0,0,0,0,0,0,1,0,1,1,0
357,1,0,0,0,0,0,0,0,0,1,1,0,0,0,0,1,1,0,0
358,0,1,0,0,0,1,0,0,0,0,0,0,0,0,0,1,0,1,0
359,0,0,0,0,0,0,0,0,0,0,0,0,0,0,0,1,0,0,0
360,0,0,0,0,0,0,0,0,0,1,0,0,0,0,1,0,0,0,0
361,0,0,0,0,1,0,0,0,0,0,0,0,0,0,0,0,1,0,0
362,0,0,0,0,1,0,0,0,0,0,0,0,0,0,0,0,1,0,0
363,1,1,0,0,1,0,0,0,1,0,0,0,0,0,1,0,1,0,0
364,1,0,1,0,1,0,1,0,0,0,0,0,0,1,1,1,0,0,0
365,0,0,0,0,1,0,0,0,0,0,1,0,0,0,1,0,1,0,0
366,1,1,0,0,1,0,1,0,0,0,1,0,0,0,1,0,1,1,0
367,0,1,0,0,0,0,0,0,0,0,0,0,0,1,0,1,0,0,0
369,0,1,1,0,0,0,0,0,0,0,0,0,0,0,1,1,0,0,0
371,0,1,1,0,0,0,0,0,0,0,1,0,0,0,1,1,0,0,0
372,0,1,0,0,1,0,0,0,1,1,0,0,0,0,1,0,1,1,0
374,0,1,0,0,1,0,0,0,0,0,0,0,0,1,1,1,1,0,0
376,0,0,0,0,1,1,0,0,0,0,0,0,0,0,0,0,0,1,0
377,0,0,0,0,1,1,0,0,0,0,0,0,0,0,1,1,0,1,0
378,0,0,0,0,1,0,0,0,0,0,1,0,0,1,0,0,1,1,0
379,0,0,0,0,1,0,0,0,0,0,0,0,0,0,1,0,1,1,0
381,0,0,0,0,1,0,0,0,0,0,0,0,0,0,0,0,1,0,0
382,0,1,0,0,1,0,0,0,0,1,1,0,0,0,1,1,1,1,0
384,1,1,0,0,1,0,0,0,0,0,0,0,0,0,1,1,0,0,0
385,0,0,0,0,0,0,0,0,0,0,1,0,0,0,0,0,1,0,0
386,0,0,0,0,1,0,1,0,0,0,0,0,0,0,0,0,1,1,0
387,0,0,0,0,1,0,0,0,0,0,0,0,0,0,1,0,1,0,0
388,1,1,1,0,1,0,1,0,0,1,1,0,1,1,1,0,1,0,1
389,0,0,0,0,0,0,0,0,0,1,0,0,0,0,1,0,0,1,0
390,0,1,0,0,1,0,0,0,1,1,1,0,0,0,0,1,1,1,0
391,0,1,0,0,1,0,0,0,0,1,0,0,0,0,0,0,1,0,0
393,0,0,0,0,0,0,0,0,0,1,0,0,0,0,1,0,1,0,0
394,0,0,0,0,1,0,0,0,0,0,0,0,0,0,0,0,1,1,0
395,1,0,1,0,0,0,0,0,0,0,0,0,0,1,1,1,0,0,0
396,0,1,0,0,1,0,1,0,0,0,1,0,0,0,1,1,1,1,0
397,1,0,1,0,0,0,0,0,0,0,0,0,0,1,1,0,0,0,0
398,0,0,0,0,1,0,0,0,0,0,0,0,0,0,0,1,0,0,0
399,1,1,0,0,0,0,1,0,1,1,0,0,0,1,1,1,1,0,0
400,0,1,0,0,1,0,0,0,0,0,0,0,0,0,1,0,1,1,0
401,0,0,0,0,0,0,0,0,0,0,0,0,0,0,0,0,1,0,0
403,0,0,0,0,1,0,0,0,0,0,0,0,0,0,0,1,0,0,0
404,0,0,0,0,1,0,0,0,0,1,1,0,0,1,0,1,1,0,0
405,0,0,0,0,1,0,1,0,0,1,1,0,0,0,1,0,1,1,0
406,0,0,0,0,0,0,0,0,0,0,0,0,0,0,0,1,0,0,0
407,0,0,0,0,1,0,0,0,0,0,0,0,0,1,1,1,0,0,0
408,1,1,0,0,0,0,1,0,1,0,1,0,0,1,1,1,1,1,0
409,0,0,0,0,0,0,0,0,0,1,1,0,0,0,1,0,0,0,0
410,0,0,0,0,0,0,1,0,0,0,0,0,0,0,1,0,1,0,0
411,0,0,1,0,0,0,0,0,0,0,0,0,0,1,1,1,0,0,0
412,0,1,0,0,0,0,1,0,0,0,1,0,0,1,0,0,1,1,0
413,0,0,0,0,1,0,0,0,0,0,1,0,0,0,1,0,0,0,0
414,0,0,1,0,0,0,0,0,1,0,0,0,0,0,0,1,0,0,0
415,0,1,0,0,0,0,0,0,0,1,1,0,0,0,1,0,1,0,0
417,0,0,0,0,1,0,0,0,0,0,0,0,0,0,1,0,0,0,0
418,0,1,0,0,0,0,0,0,0,0,0,0,0,0,1,1,0,0,0
419,0,0,0,0,1,0,0,0,0,0,0,0,0,0,1,0,0,0,0
420,0,1,0,0,0,0,0,0,0,0,0,0,0,0,0,0,0,1,0
421,0,1,0,0,0,0,0,0,0,1,1,0,0,0,1,0,0,0,0
422,0,0,0,0,0,0,0,0,0,0,1,0,0,0,0,1,0,0,0
423,0,0,0,0,0,0,0,0,0,0,1,0,0,0,1,0,1,0,0
424,0,0,0,0,0,0,0,0,0,0,0,0,0,0,1,0,0,0,0
426,0,1,0,0,0,0,0,0,0,0,0,0,0,0,1,0,0,0,0
427,1,1,0,0,1,0,1,0,0,1,1,0,0,0,1,1,1,0,0
428,0,0,1,0,1,0,0,0,0,0,1,0,0,0,1,0,1,1,0
429,0,1,0,0,0,0,0,0,0,0,0,0,0,0,1,0,0,0,0
430,1,0,0,0,1,1,1,0,1,1,0,0,0,1,0,1,0,0,0
431,0,0,0,0,0,0,0,0,0,0,0,0,0,0,0,1,0,0,0
432,0,0,0,0,1,0,0,0,0,0,0,0,0,0,0,0,1,0,0
433,0,0,0,0,1,0,0,0,0,0,0,0,0,0,1,0,0,1,0
434,1,1,1,0,0,0,1,0,0,0,0,0,0,1,1,0,0,0,0
435,0,0,0,0,0,1,1,0,0,0,0,0,1,0,1,1,1,1,1
436,0,1,0,0,1,0,1,0,0,0,1,0,0,1,1,0,1,0,0
437,0,0,0,0,1,0,0,0,0,0,1,0,0,0,1,0,1,0,0
438,0,1,1,0,1,0,1,0,0,0,0,0,0,1,0,0,1,1,1
439,0,1,0,0,0,1,0,0,0,0,0,0,0,1,0,0,1,1,0
440,0,1,0,0,0,0,1,0,0,0,0,0,0,0,1,1,0,1,0
441,1,0,1,0,0,0,0,0,0,1,1,0,1,1,1,0,1,1,0
442,0,1,0,0,1,0,0,0,0,0,0,0,0,0,0,1,0,0,0
443,0,0,1,0,1,0,0,0,0,1,0,0,0,1,0,0,1,1,0
444,0,1,0,0,1,0,0,0,0,0,0,0,0,0,1,1,1,1,0
445,0,0,0,0,1,0,0,0,0,1,1,0,0,0,1,0,0,1,0
446,0,0,0,0,0,0,0,0,0,0,0,0,0,1,1,0,0,0,0
447,0,0,0,0,0,0,0,0,0,0,0,0,0,0,0,0,1,0,0
448,1,0,0,0,0,0,0,0,0,0,0,0,0,0,0,0,0,1,0
449,0,0,0,0,0,0,0,0,0,0,0,0,0,1,1,0,0,0,0
450,0,1,0,0,0,1,0,0,0,0,0,0,0,0,0,1,0,0,0
451,1,1,0,0,0,0,0,0,0,1,1,0,0,0,1,1,1,1,0
452,1,1,1,0,1,0,1,0,0,0,1,0,1,1,1,0,0,0,0
453,0,0,0,0,1,0,0,0,0,0,1,0,0,0,1,0,0,0,0
454,1,1,0,0,1,0,1,0,0,1,1,0,0,1,1,0,0,1,0
455,0,0,0,0,0,0,0,0,0,0,0,0,0,0,0,1,0,0,0
456,1,0,0,0,0,0,0,0,0,0,0,0,0,0,1,0,0,0,0
457,0,0,1,0,0,0,0,0,0,0,0,0,0,0,0,1,0,0,0
458,1,0,0,0,1,0,0,0,0,0,0,0,0,0,1,0,1,0,0
459,1,1,0,0,0,0,1,0,0,0,1,0,0,0,1,0,0,0,0
460,0,0,0,0,0,0,0,0,0,0,0,0,0,1,1,0,0,0,0
461,1,1,0,0,0,0,0,0,1,1,0,0,0,0,1,1,1,0,0
462,0,0,0,0,1,0,1,0,0,1,1,0,0,1,1,0,0,1,0
463,0,0,0,0,1,0,0,0,0,0,0,0,0,1,0,0,1,1,0
464,1,0,0,0,0,1,1,0,0,0,0,0,0,0,1,1,0,0,0
465,1,0,0,0,1,0,1,0,0,0,1,0,0,0,1,0,0,0,0
466,0,1,1,0,1,1,1,0,0,0,1,0,0,1,1,1,1,0,0
467,0,1,0,0,1,0,0,0,0,0,0,0,0,0,1,0,0,0,0
468,1,1,0,0,0,0,1,0,0,0,0,0,0,0,1,0,1,0,0
469,0,1,1,0,1,1,1,0,0,0,1,0,0,1,1,1,1,0,0
470,1,0,0,0,0,0,1,0,0,0,0,0,0,0,1,1,1,0,0
471,0,0,1,0,0,0,0,0,0,0,1,0,0,1,1,1,1,0,0
472,1,1,0,0,1,0,0,0,0,0,0,0,0,0,1,0,0,0,0
473,0,0,0,0,0,0,0,0,0,0,0,0,0,1,1,0,0,0,0
474,0,0,0,0,1,0,0,0,0,0,0,0,0,0,0,0,1,0,0
475,1,0,0,0,1,0,1,0,0,0,0,0,0,1,0,1,1,1,0
476,0,0,0,0,0,0,0,0,0,0,0,0,0,0,0,0,1,0,0
477,0,0,1,0,0,0,1,0,0,0,0,0,0,1,1,0,0,0,0
478,1,0,0,0,1,0,1,0,0,1,0,0,0,0,1,0,1,0,0
479,0,1,0,0,0,0,0,0,0,0,0,0,0,0,0,0,0,1,0
482,0,1,0,0,0,0,0,0,0,1,0,0,0,1,1,0,0,1,0
483,0,0,0,0,0,0,0,0,0,0,0,0,0,0,0,0,1,0,0
484,1,1,1,0,0,0,0,0,0,0,0,0,0,0,1,0,0,0,0
485,0,0,0,0,0,0,0,0,0,0,0,0,0,1,1,0,0,0,0
486,1,1,1,0,1,0,0,0,0,0,0,0,0,1,1,1,1,1,0
487,1,0,0,0,0,0,0,0,0,0,0,0,0,0,1,0,0,0,0
488,1,0,0,0,1,0,0,0,1,1,0,0,0,0,1,1,1,0,0
490,0,0,0,0,0,0,0,0,0,0,0,0,0,1,0,1,0,0,0
492,0,0,0,0,0,0,0,0,0,0,0,0,1,0,1,0,0,0,0
493,0,0,0,0,0,0,0,0,1,0,1,0,1,1,1,0,1,0,0
494,1,1,0,0,1,0,1,0,0,1,1,0,0,1,1,1,1,1,0
495,1,0,0,0,0,0,1,0,0,0,1,0,1,1,1,0,0,0,0
496,0,0,0,0,0,0,0,0,0,0,0,0,0,0,1,0,0,0,0
497,0,1,1,0,1,0,1,0,1,1,1,0,0,0,1,1,1,1,0
498,0,0,0,0,0,0,0,0,0,1,0,0,0,0,1,0,0,0,0
499,1,1,0,0,0,0,0,0,0,0,0,0,0,1,1,0,0,0,0
500,0,0,0,0,1,0,0,0,0,0,0,0,0,1,0,0,1,0,0
501,0,1,0,0,1,0,0,0,0,0,0,0,0,0,1,1,0,0,0
502,0,1,0,0,0,0,0,0,0,1,1,0,0,0,0,1,1,1,0
505,0,1,1,0,1,0,1,0,0,0,0,0,0,1,1,1,0,0,0
506,0,1,0,0,1,0,0,0,0,0,1,0,0,0,1,0,1,0,0
507,0,0,0,0,1,0,0,0,0,0,0,0,0,0,0,1,0,0,0
509,0,1,0,0,0,0,1,0,0,0,0,0,0,1,1,0,0,1,0
510,0,0,0,0,0,0,0,0,0,0,1,0,0,0,0,0,0,1,0
511,0,1,0,0,1,0,0,0,0,0,0,0,0,0,1,0,0,0,0
512,1,0,0,0,0,1,1,0,0,0,1,0,1,1,1,1,1,1,1
513,0,0,0,0,1,0,0,0,0,0,0,0,0,0,0,0,0,1,0
514,0,0,0,0,1,0,0,0,0,1,0,0,0,0,0,0,1,0,0
515,0,0,0,0,0,0,0,0,0,0,0,0,0,1,1,0,0,0,0
516,0,0,0,0,0,0,0,0,0,0,0,0,0,0,1,0,0,0,0
518,0,1,1,0,1,0,0,0,0,0,1,0,0,0,1,0,0,0,0
519,0,1,0,0,1,0,0,0,0,0,0,0,0,0,0,0,0,1,0
520,0,0,0,0,1,0,1,0,0,0,0,0,0,0,0,0,1,0,0
522,0,0,0,0,1,0,0,0,0,1,0,0,0,0,0,0,1,0,0
523,1,1,1,0,0,0,0,0,0,1,0,0,0,1,1,1,1,1,0
524,0,0,0,0,1,0,0,0,0,0,0,0,0,0,0,0,1,0,0
525,0,0,0,0,1,0,0,0,0,0,0,0,0,0,0,0,1,0,0
526,0,1,1,0,0,0,0,0,0,0,1,0,0,1,1,1,1,1,0
527,0,0,0,0,1,0,0,0,0,0,0,0,0,1,1,0,1,1,0
528,0,0,0,0,1,0,0,0,0,0,0,0,0,0,1,1,1,0,0
529,0,0,0,0,1,0,0,0,0,1,1,0,0,1,1,0,0,0,0
530,0,0,0,0,0,0,0,0,0,1,0,0,0,0,0,0,1,0,0
531,1,0,0,0,1,0,0,0,0,0,0,0,0,1,1,0,1,0,0
532,0,1,0,0,0,0,0,0,0,0,0,0,0,0,0,1,0,0,0
533,1,0,0,0,1,0,1,0,0,0,0,0,0,0,1,0,1,1,0
535,0,0,0,0,0,0,0,0,0,0,0,0,0,0,0,0,0,1,0
536,1,0,1,0,1,0,0,0,0,0,0,0,0,0,1,0,1,0,0
537,1,0,0,0,0,0,0,0,0,1,1,0,1,0,1,1,1,1,1
538,0,1,1,0,0,0,0,0,0,0,0,0,0,0,1,0,0,1,0
539,0,0,0,0,0,0,0,0,0,1,0,0,0,0,1,0,0,0,0
540,0,0,0,0,1,0,0,0,0,0,0,0,0,0,0,0,1,0,0
541,0,0,0,0,1,0,0,0,0,0,1,0,0,0,1,0,1,0,0
542,1,1,0,0,1,0,1,0,0,0,0,0,0,0,1,0,1,1,0
543,0,0,0,0,0,1,0,0,0,0,0,0,0,1,0,1,1,0,0
544,1,1,0,0,1,0,0,0,0,0,1,0,0,1,1,1,1,1,1
545,1,0,0,0,1,0,1,0,0,0,0,0,0,0,1,0,1,0,0
546,0,0,1,0,1,0,0,0,0,0,1,0,0,1,1,0,1,0,0
547,0,0,0,0,1,1,1,0,1,0,1,0,0,0,1,1,1,1,0
548,1,0,0,0,1,0,0,0,0,0,1,0,0,1,0,0,1,1,0
549,0,1,0,0,1,0,0,0,0,0,1,0,0,0,1,0,1,0,0
550,1,1,1,0,1,0,1,0,0,1,1,0,1,1,1,0,1,0,0
551,0,1,0,0,1,1,1,0,0,0,0,0,0,0,1,1,1,1,0
552,1,0,0,0,0,0,0,0,0,0,0,0,0,1,1,1,1,0,0
553,1,1,1,0,0,0,0,0,0,1,1,0,1,1,1,0,0,0,0
554,0,0,0,0,1,0,0,0,0,0,0,0,0,0,1,0,0,0,0
556,0,0,0,0,0,0,0,0,0,0,1,0,0,0,1,0,1,1,0
557,0,0,0,0,0,0,1,0,0,0,0,0,1,1,1,0,0,0,0
558,0,0,0,0,1,0,0,0,0,0,0,0,0,0,1,1,1,1,0
559,1,1,0,0,1,1,1,0,0,0,1,0,0,0,1,1,1,1,0
560,0,1,1,0,0,0,0,0,0,0,0,0,0,1,1,1,0,0,0
561,0,0,0,0,0,0,0,0,0,0,0,0,0,0,0,1,1,0,0
562,0,1,1,0,0,0,0,0,0,0,0,0,0,1,1,1,0,0,0
563,0,0,0,0,1,1,0,0,0,0,0,0,0,0,0,0,1,0,0
564,0,0,0,0,1,0,0,0,0,0,0,0,0,0,1,1,1,1,0
565,0,1,0,0,0,0,0,0,0,0,0,0,0,0,0,1,0,0,0
566,0,1,0,0,1,0,0,0,0,0,0,0,0,0,0,1,1,0,0
567,0,0,0,0,0,0,0,0,0,0,0,0,0,1,1,0,0,0,0
568,1,1,1,0,1,0,1,0,0,0,1,0,0,1,1,1,1,0,0
569,1,0,0,0,0,0,1,0,1,0,0,0,0,0,1,0,1,1,0
570,0,1,0,0,0,0,0,0,1,1,0,0,0,0,1,1,1,1,0
571,1,0,0,0,1,0,1,0,0,1,1,0,0,1,1,1,1,1,0
572,1,1,0,0,0,0,0,0,0,1,0,0,0,0,1,0,1,0,0
573,0,0,0,0,0,0,0,0,0,1,1,0,0,0,0,0,1,1,0
575,0,0,0,0,1,0,1,0,0,0,0,0,0,0,0,0,1,0,0
577,1,1,1,0,1,0,1,0,0,1,0,0,1,1,1,1,0,0,1
578,0,0,0,0,1,0,0,0,0,0,0,0,0,1,0,1,0,0,0
579,0,1,0,0,0,0,0,0,0,0,0,0,0,0,0,1,0,0,0
580,0,0,0,0,1,0,0,0,0,0,0,0,0,0,0,0,1,0,0
581,1,1,1,0,0,0,0,0,1,0,0,0,0,0,1,1,1,1,0
582,0,0,0,0,0,0,0,0,0,1,0,0,0,0,0,0,1,0,0
583,0,0,0,0,1,0,0,0,0,0,0,0,0,0,0,1,1,1,0
584,0,0,1,0,1,0,1,0,0,1,0,0,0,0,1,0,0,1,0
585,0,0,0,0,0,0,0,0,0,0,0,0,0,1,1,0,0,0,0
586,0,1,0,0,1,0,0,0,0,1,1,0,0,0,0,0,1,0,0
587,0,1,0,0,1,0,1,0,0,1,1,0,0,1,1,0,1,1,0
588,1,1,1,0,1,0,1,0,0,1,1,0,1,1,1,0,1,1,0
589,1,1,1,0,1,1,1,0,1,1,1,0,1,1,1,1,1,1,0
590,0,0,0,0,0,0,0,0,1,0,0,0,0,0,1,0,0,1,0
591,0,0,0,0,1,0,0,0,0,1,1,0,0,0,1,1,1,0,0
592,0,0,0,0,0,0,0,0,0,0,1,0,0,1,0,0,1,1,0
593,1,0,0,0,1,0,1,0,0,1,0,0,0,0,1,1,1,0,0
594,0,0,1,0,0,0,1,0,0,1,1,0,0,0,1,0,0,0,0
595,1,0,1,0,0,0,0,0,0,0,1,0,0,1,1,0,1,1,0
596,0,0,0,0,0,0,0,0,0,0,0,0,1,1,1,0,0,0,0
597,0,0,0,0,0,0,0,0,0,0,1,0,0,0,1,0,0,0,0
598,0,0,0,0,1,0,0,0,0,1,1,0,0,0,1,1,1,1,0
599,0,1,0,0,0,0,0,0,0,0,0,0,0,0,1,1,0,0,0
600,0,1,0,0,1,0,0,0,0,0,0,0,0,1,0,1,0,0,0
601,0,1,0,0,1,0,0,0,0,1,0,0,0,0,0,1,1,0,0
602,0,0,0,0,1,1,1,0,0,0,0,0,0,0,1,1,0,0,0
604,0,0,0,0,0,0,0,0,0,0,0,0,0,0,1,0,0,0,0
605,1,1,1,0,1,0,1,0,1,1,1,0,0,1,1,0,1,1,0
606,0,0,1,0,0,0,0,0,0,0,0,0,0,0,1,0,0,0,0
607,1,0,0,0,0,0,1,0,0,0,0,0,0,0,1,0,0,0,0
608,1,1,0,0,1,0,1,0,0,0,1,0,0,0,1,0,1,0,0
609,0,1,1,0,1,0,0,0,0,0,1,0,0,1,1,1,0,0,0
610,0,0,0,0,0,0,0,0,0,0,1,0,0,0,0,1,0,0,0
613,0,0,1,0,1,0,0,0,0,0,0,0,0,1,0,1,1,0,0
614,0,0,0,0,1,0,1,0,0,1,1,0,0,0,0,0,1,0,0
615,0,0,0,0,0,0,1,0,0,0,0,0,0,0,1,0,0,0,0
616,0,0,0,0,0,0,0,0,0,0,1,0,0,0,0,0,1,0,0
617,0,1,0,0,1,0,1,0,1,1,1,0,0,1,1,1,1,0,0
618,1,1,0,0,0,0,1,0,0,0,0,0,0,0,1,1,1,0,0
620,0,1,0,0,0,0,1,0,0,0,0,0,0,0,1,1,0,0,0
621,0,0,0,0,0,0,0,0,1,0,1,0,0,0,1,1,0,0,0
622,0,1,0,0,1,0,0,0,0,0,0,0,0,0,1,0,1,1,0
623,0,0,0,0,1,0,0,0,0,0,0,0,0,0,0,0,0,1,0
624,0,0,0,0,0,0,0,0,0,0,0,0,0,0,0,0,1,0,0
626,0,0,1,0,0,0,1,0,0,1,0,0,0,1,1,0,1,1,0
627,1,0,0,0,0,0,0,0,0,0,0,0,0,0,1,0,0,0,0
628,1,1,0,0,1,0,1,0,1,1,1,0,0,1,1,1,1,1,0
629,1,0,1,0,1,0,0,0,0,0,0,0,1,1,1,0,1,0,1
630,0,1,1,0,1,0,0,0,0,0,0,0,0,1,0,1,1,1,0
631,0,1,0,0,1,0,1,0,0,1,1,0,1,1,1,0,1,0,0
632,0,0,0,0,1,0,1,0,0,0,0,0,0,1,0,0,1,0,0
633,0,1,0,0,1,0,1,0,0,0,0,0,0,0,1,1,1,1,0
634,0,0,0,0,1,0,0,0,0,0,1,0,1,0,0,0,1,1,0
635,0,0,0,0,1,0,0,0,0,0,1,0,0,0,1,1,0,1,0
636,0,0,0,0,0,0,0,0,0,0,0,0,0,1,1,0,0,0,0
638,0,0,0,0,1,0,0,0,0,0,0,0,0,0,0,0,1,0,0
639,1,1,1,0,1,0,0,0,0,0,0,0,0,0,1,0,0,0,0
640,0,0,0,0,0,0,0,0,0,0,0,0,0,0,1,1,1,1,0
641,0,1,0,0,0,0,0,0,0,0,0,0,0,0,1,0,0,0,0
642,0,0,0,0,1,0,0,0,0,0,0,0,0,0,0,1,1,0,0
644,0,1,0,0,1,0,1,0,0,0,0,0,0,1,1,0,1,1,0
645,0,1,0,0,0,0,0,0,0,0,0,0,0,0,1,0,0,0,0
647,0,0,0,0,0,0,0,0,0,0,0,0,0,0,1,0,0,0,0
648,0,0,0,0,0,0,0,0,0,0,1,0,0,0,0,0,1,1,0
649,0,1,1,0,0,0,0,0,0,0,0,0,1,1,1,0,0,0,0
650,0,1,1,0,0,0,0,0,0,0,0,0,0,0,1,0,0,0,0
652,0,1,0,0,0,0,0,0,0,0,0,0,0,0,0,0,1,0,0
654,0,0,0,0,1,0,0,0,0,1,1,0,0,0,1,1,1,1,0
655,0,0,0,0,1,0,0,0,0,0,0,0,0,0,0,1,0,0,0
657,1,1,0,0,1,0,0,0,0,1,1,0,0,0,1,1,1,1,0
658,0,0,0,0,0,0,0,0,0,0,1,0,0,0,1,0,0,0,0
659,0,0,0,0,0,0,0,0,0,0,0,0,0,0,1,0,0,0,0
660,0,0,0,0,1,1,0,0,0,1,0,0,0,0,1,1,1,0,0
661,1,1,0,0,1,0,1,0,0,0,0,0,0,0,0,1,1,1,0
662,1,1,0,0,1,0,0,0,0,1,0,0,1,1,1,1,1,1,1
663,0,0,0,0,0,0,0,0,0,0,0,0,0,0,1,0,0,0,0
664,0,0,0,0,1,0,0,0,0,1,1,0,0,0,0,0,1,0,0
667,1,1,1,0,0,0,0,0,0,0,0,0,0,0,1,0,1,0,0
668,0,0,0,0,0,0,1,0,0,1,0,0,0,0,0,0,1,0,0
670,0,1,1,0,0,0,1,0,0,0,0,0,0,1,1,0,0,0,0
671,0,0,1,0,0,0,0,0,0,0,0,0,0,1,1,0,0,0,0
672,0,0,0,0,1,0,0,0,0,0,0,0,0,0,0,1,1,0,0
673,0,0,0,0,1,0,1,0,0,0,0,0,0,0,0,0,1,0,0
674,1,0,0,0,0,0,0,0,0,0,0,0,0,0,1,0,0,0,0
676,0,0,0,0,0,0,0,0,0,1,1,0,0,0,0,0,1,0,0
677,0,0,0,0,0,0,0,0,0,1,0,0,0,0,0,0,1,0,0
678,0,1,0,0,1,0,1,0,0,1,0,0,0,0,0,0,1,1,0
679,0,0,0,0,1,0,0,0,0,0,0,0,0,1,0,0,1,1,0
680,0,0,0,0,0,0,0,0,0,1,0,0,0,0,0,0,1,0,0
681,0,0,0,0,0,0,0,0,0,1,0,0,0,0,1,1,0,1,0
682,0,0,0,0,1,0,1,0,0,0,0,0,0,0,1,1,1,1,0
683,0,0,0,0,1,0,1,0,0,1,0,0,0,1,1,1,1,0,0
684,0,0,0,0,0,0,1,0,0,0,0,0,0,1,1,0,0,0,0
685,0,0,0,0,1,0,0,0,0,0,0,0,0,0,1,0,0,0,0
686,0,1,0,0,0,0,0,0,0,0,0,0,0,1,0,1,0,0,0
687,0,0,0,0,1,0,1,0,0,0,0,0,0,0,0,0,1,0,0
688,1,0,0,0,1,0,0,0,1,0,0,0,0,0,1,0,1,0,0
689,1,1,0,0,1,0,0,0,0,1,1,0,0,0,0,0,1,0,0
690,0,0,0,0,0,0,0,0,0,0,0,0,0,0,0,1,1,1,0
691,0,0,0,0,0,0,0,0,0,0,0,0,0,0,1,1,0,0,0
692,0,1,0,0,0,0,1,0,0,0,0,0,0,1,1,0,1,0,0
693,0,0,1,0,0,0,0,0,0,0,0,0,1,1,1,0,0,0,0
694,1,1,0,0,1,0,0,0,0,0,0,0,0,1,1,1,0,0,0
695,0,0,0,0,0,0,0,0,0,0,0,0,0,0,0,1,1,0,0
696,0,1,0,0,1,0,0,0,0,1,0,0,0,1,1,1,1,0,0
697,1,1,0,0,0,0,0,0,0,0,0,0,1,0,1,1,0,0,0
698,0,0,0,0,0,0,0,0,0,0,0,0,0,0,1,0,1,0,0
699,1,1,1,0,1,0,1,0,0,0,0,0,0,0,1,0,0,0,0
701,0,1,1,0,0,0,0,0,0,0,1,0,0,1,0,0,1,0,0
702,1,1,0,0,1,0,1,0,0,0,0,0,0,0,1,1,1,0,0
703,1,0,0,0,0,0,0,0,0,0,1,0,0,1,1,0,0,1,0
704,0,1,0,0,0,0,0,0,0,0,0,0,0,0,0,1,0,0,0
706,0,1,0,0,1,0,1,0,0,0,1,0,0,1,1,1,1,1,0
707,0,0,0,0,1,0,0,0,0,0,1,0,1,0,1,0,1,1,0
708,0,1,1,0,0,0,0,0,0,0,0,0,0,1,1,0,0,0,0
709,0,0,0,0,1,0,0,0,0,0,0,0,0,0,0,0,1,0,0
711,0,0,0,0,0,0,0,0,0,1,1,0,1,1,1,0,1,0,0
712,0,1,0,0,1,0,0,0,0,1,0,0,0,0,1,0,0,0,0
713,1,0,0,0,0,0,0,0,0,0,0,0,0,1,0,0,1,1,0
714,0,0,0,0,1,0,0,0,0,0,1,0,0,0,0,0,1,0,0
715,0,0,0,0,0,0,0,0,0,0,0,0,0,0,0,0,1,0,0
716,0,0,0,0,0,0,0,0,1,1,0,0,0,0,1,0,1,0,0
718,1,0,0,0,0,0,0,0,0,0,0,0,0,0,1,0,0,0,0
719,0,0,0,0,1,0,0,0,0,1,1,0,0,0,1,0,1,1,0
720,0,0,1,0,0,0,0,0,1,0,0,0,0,1,1,1,0,0,0
721,1,0,0,0,1,0,0,0,0,0,0,0,0,0,0,0,1,0,0
722,0,1,0,0,1,0,1,0,0,1,1,0,0,0,1,1,1,1,1
723,0,0,0,0,1,0,0,0,1,0,1,0,0,0,1,0,1,1,0
724,0,1,0,0,0,0,0,0,0,0,0,0,0,0,1,1,1,0,0
725,0,0,0,0,0,0,0,0,0,0,0,0,0,1,1,0,0,0,0
726,0,0,0,0,0,0,1,0,0,0,0,0,0,0,1,0,0,0,0
727,1,0,0,0,0,0,0,0,0,0,0,0,0,1,1,0,0,0,0
728,0,0,1,0,1,0,0,0,0,0,0,0,0,1,1,0,1,0,0
729,0,1,0,0,0,0,0,0,0,0,0,0,0,0,0,0,1,0,0
730,0,0,0,0,1,0,0,0,0,0,0,0,0,0,0,1,0,0,0
731,1,0,0,0,1,1,0,0,0,0,0,0,0,0,1,1,1,1,1
732,1,0,1,0,0,0,0,0,1,1,0,0,0,0,1,0,1,0,0
733,1,0,1,0,1,0,0,0,0,0,0,0,0,0,0,0,1,0,0
734,0,0,0,0,0,0,1,0,0,0,0,0,0,0,0,0,1,0,0
735,0,0,0,0,1,0,0,0,0,0,0,0,0,0,1,0,1,0,0
736,0,0,1,0,1,0,0,0,0,0,0,0,0,1,0,1,0,1,0
737,1,1,1,0,0,0,0,0,0,0,0,0,0,0,1,0,0,0,0
738,1,0,1,0,0,0,0,0,0,0,1,0,0,1,1,1,0,0,1
739,1,1,0,0,0,0,0,0,0,0,1,0,0,0,0,1,1,1,0
740,0,0,0,0,0,0,0,0,1,0,0,0,0,0,1,0,0,0,0
741,0,1,0,0,1,0,0,0,0,0,0,0,0,0,0,1,1,0,0
742,0,0,0,0,1,0,1,0,0,0,0,0,0,0,0,0,1,0,0
743,1,0,0,0,0,0,0,0,0,0,1,0,0,0,0,0,1,0,0
744,1,1,1,0,1,0,1,0,0,0,0,0,0,1,1,1,0,0,0
745,1,0,1,0,0,0,1,0,0,0,0,0,0,1,0,0,0,0,1
746,1,0,0,0,1,0,1,0,0,0,1,0,0,1,1,0,1,1,0
747,0,1,0,0,0,0,1,0,0,0,0,0,0,1,1,0,0,0,0
748,1,0,0,0,0,0,1,0,0,0,0,0,0,1,1,1,1,0,0
749,0,0,0,0,0,0,0,0,0,1,0,0,0,0,1,1,1,0,0
750,0,0,0,0,1,0,0,0,0,0,0,0,0,0,0,0,1,0,0
752,0,0,0,0,1,0,0,0,0,0,0,0,0,0,1,0,1,0,0
753,0,0,0,0,0,0,0,0,0,0,1,0,0,1,1,0,0,0,0
754,0,0,0,0,1,0,1,0,1,0,0,0,0,0,1,0,0,0,0
755,1,0,1,0,1,1,0,0,1,1,1,0,1,0,1,1,1,1,0
756,1,0,0,0,1,0,0,0,0,0,0,0,0,0,1,0,0,0,0
757,1,0,0,0,1,0,0,0,1,0,0,0,0,0,1,1,1,0,0
758,0,0,0,0,0,1,0,0,0,0,0,0,0,0,0,1,0,0,0
761,0,0,0,0,0,0,0,0,0,0,0,0,0,0,0,0,1,0,0
762,0,0,0,0,0,1,1,0,0,0,0,0,0,0,0,1,0,0,0
763,1,1,1,0,1,0,0,0,0,0,1,0,0,1,1,0,0,0,0
764,1,1,0,0,0,0,1,0,0,0,0,0,0,1,1,0,0,0,0
768,0,1,0,0,1,0,0,0,0,0,0,0,0,1,1,0,1,0,0
770,1,0,0,0,1,0,1,0,0,0,0,0,0,1,0,0,1,0,0
771,1,1,0,0,1,0,1,0,1,0,1,0,1,1,0,0,1,0,0
772,0,1,0,0,0,1,1,0,0,1,0,0,0,0,1,1,0,1,0
773,0,0,0,0,1,0,0,0,0,0,0,0,0,0,0,0,1,1,0
774,0,1,0,0,0,0,0,0,0,0,0,0,0,0,0,0,1,0,0
775,0,1,1,0,0,1,0,0,0,0,0,0,0,1,0,1,1,1,0
776,0,0,0,0,0,0,1,0,0,0,0,0,0,0,0,1,0,0,0
